strategy_name	trade_count	hit_rate	avg_return
combo_threshold	38	0.6052631578947368	0.029406358035398202
combo_neg115_threshold	38	0.6052631578947368	0.029812583168451468
sma_gap_60_top15	29	0.5517241379310345	0.023973281665783244
