model_name	signal_name	sample_count	hit_rate	avg_return
ret_60_plus_sma_gap_60	weak_bullish	367	0.8910081743869209	0.10410767701262828
ret_60_plus_sma_gap_60	bullish	91	0.9230769230769231	0.10656772138581128
ret_60_plus_sma_gap_60	strong_bullish	17	0.6470588235294118	0.05282826534688161
ret_60_plus_sma_gap_60	very_strong_bullish	14	0.6428571428571429	0.042320953926807736
ret_60_plus_sma_gap_60_plus_neg_weight_1_15	weak_bullish	369	0.8888888888888888	0.10300352923061154
ret_60_plus_sma_gap_60_plus_neg_weight_1_15	bullish	92	0.9130434782608695	0.10621851197831297
ret_60_plus_sma_gap_60_plus_neg_weight_1_15	strong_bullish	16	0.6875	0.05620163814709102
ret_60_plus_sma_gap_60_plus_neg_weight_1_15	very_strong_bullish	14	0.6428571428571429	0.042320953926807736
